{"cameraMode":{"drawMode":0,"name":"Shaded","section":"Shading Mode"},"sceneLighting":true,"audioPlay":false,"sceneViewState":{"m_AlwaysRefresh":false,"showFog":true,"showSkybox":true,"showFlares":true,"showImageEffects":true,"showParticleSystems":true,"showVisualEffectGraphs":true,"m_FxEnabled":true},"in2DMode":false,"pivot":{"x":-10.831323623657227,"y":-1.8769898414611817,"z":26.220661163330079},"rotation":{"x":0.15666279196739198,"y":-0.8340153694152832,"z":0.2997587025165558,"w":0.43613648414611819},"size":20.234899520874025,"orthographic":true}