{"cameraMode":{"drawMode":0,"name":"Shaded","section":"Shading Mode"},"sceneLighting":true,"audioPlay":false,"sceneViewState":{"m_AlwaysRefresh":false,"showFog":true,"showSkybox":true,"showFlares":true,"showImageEffects":true,"showParticleSystems":true,"showVisualEffectGraphs":true,"m_FxEnabled":true},"in2DMode":false,"pivot":{"x":1.2345561981201172,"y":-2.746541976928711,"z":15.806905746459961},"rotation":{"x":0.16051127016544343,"y":-0.7994924187660217,"z":0.24474400281906129,"w":0.5247505307197571},"size":16.534643173217775,"orthographic":true}