{"cameraMode":{"drawMode":0,"name":"Shaded","section":"Shading Mode"},"sceneLighting":true,"audioPlay":false,"sceneViewState":{"m_AlwaysRefresh":false,"showFog":true,"showSkybox":true,"showFlares":true,"showImageEffects":true,"showParticleSystems":true,"showVisualEffectGraphs":true,"m_FxEnabled":true},"in2DMode":false,"pivot":{"x":-30.583860397338868,"y":3.8889455795288088,"z":9.845961570739746},"rotation":{"x":-0.07960297912359238,"y":0.8427894115447998,"z":-0.12996572256088258,"w":-0.5162569284439087},"size":12.891336441040039,"orthographic":true}