{"cameraMode":{"drawMode":0,"name":"Shaded","section":"Shading Mode"},"sceneLighting":true,"audioPlay":false,"sceneViewState":{"m_AlwaysRefresh":false,"showFog":true,"showSkybox":true,"showFlares":true,"showImageEffects":true,"showParticleSystems":true,"showVisualEffectGraphs":true,"m_FxEnabled":true},"in2DMode":false,"pivot":{"x":-26.259244918823243,"y":5.805846214294434,"z":16.594131469726564},"rotation":{"x":0.29209405183792117,"y":0.4379741847515106,"z":-0.15295693278312684,"w":0.8363591432571411},"size":20.79195213317871,"orthographic":true}