{"cameraMode":{"drawMode":0,"name":"Shaded","section":"Shading Mode"},"sceneLighting":true,"audioPlay":false,"sceneViewState":{"m_AlwaysRefresh":false,"showFog":true,"showSkybox":true,"showFlares":true,"showImageEffects":true,"showParticleSystems":true,"showVisualEffectGraphs":true,"m_FxEnabled":true},"in2DMode":false,"pivot":{"x":-13.708389282226563,"y":7.058901786804199,"z":29.391698837280275},"rotation":{"x":-0.023839836940169336,"y":0.9649412631988525,"z":-0.24383589625358582,"w":-0.09499412775039673},"size":17.635263442993165,"orthographic":true}