{"cameraMode":{"drawMode":0,"name":"Shaded","section":"Shading Mode"},"sceneLighting":true,"audioPlay":false,"sceneViewState":{"m_AlwaysRefresh":false,"showFog":true,"showSkybox":true,"showFlares":true,"showImageEffects":true,"showParticleSystems":true,"showVisualEffectGraphs":true,"m_FxEnabled":true},"in2DMode":false,"pivot":{"x":0.7400000095367432,"y":3.179999828338623,"z":47.37999725341797},"rotation":{"x":0.09688276797533035,"y":-0.6956819295883179,"z":0.09555435925722122,"w":0.7053463459014893},"size":13.583382606506348,"orthographic":true}